Search Term,Campaign,Match Type,Impressions,Clicks,Cost,Conversions,Conv Value
datapulse analytics,Search - Brand,Exact,1240,142,355.00,21,10500.00
datapulse login,Search - Brand,Exact,890,108,216.00,13,6500.00
datapulse analytics pricing,Search - Brand,Exact,520,78,195.00,11,5500.00
datapulse analytics review,Search - Brand,Exact,380,52,130.00,6,3000.00
datapulse analytics demo,Search - Brand,Exact,290,43,107.50,7,3500.00
datapulse dashboard,Search - Brand,Exact,340,47,117.50,5,2500.00
datapulse analytics free trial,Search - Brand,Exact,310,51,127.50,8,4000.00
datapulse crm integration,Search - Brand,Exact,180,24,60.00,3,1500.00
datapulse vs competitors,Search - Brand,Broad,210,28,84.00,2,1000.00
datapulse analytics support,Search - Brand,Exact,240,31,62.00,1,500.00
analytics software for business,Search - Generic,Broad,2240,76,608.00,4,2000.00
business analytics platform,Search - Generic,Broad,1890,68,544.00,3,1500.00
data analytics dashboard software,Search - Generic,Broad,1620,58,464.00,3,1500.00
real time analytics dashboard,Search - Generic,Broad,1480,47,376.00,3,1500.00
marketing analytics tool,Search - Generic,Broad,2310,82,656.00,4,2000.00
business intelligence platform,Search - Generic,Broad,2080,71,568.00,3,1500.00
analytics reporting software,Search - Generic,Broad,1740,61,488.00,2,1000.00
data visualization software,Search - Generic,Broad,2190,64,512.00,2,1000.00
kpi dashboard software,Search - Generic,Broad,1120,42,336.00,2,1000.00
automated reporting tool,Search - Generic,Broad,1290,48,384.00,2,1000.00
predictive analytics software,Search - Generic,Broad,1640,45,360.00,1,500.00
customer analytics platform,Search - Generic,Broad,1340,42,336.00,2,1000.00
web analytics platform,Search - Generic,Broad,1920,56,448.00,1,500.00
marketing dashboard software,Search - Generic,Broad,1490,51,408.00,2,1000.00
saas analytics tool,Search - Generic,Broad,980,34,272.00,2,1000.00
real time reporting dashboard,Search - Generic,Broad,1050,37,296.00,1,500.00
business metrics dashboard,Search - Generic,Broad,910,32,256.00,1,500.00
data driven marketing platform,Search - Generic,Broad,1010,35,280.00,1,500.00
cloud analytics software,Search - Generic,Broad,1380,45,360.00,1,500.00
enterprise analytics solution,Search - Generic,Broad,1190,38,304.00,1,500.00
digital analytics software,Search - Generic,Broad,1540,47,376.00,1,500.00
self service analytics tool,Search - Generic,Broad,790,28,224.00,1,500.00
campaign performance analytics,Search - Generic,Broad,720,27,216.00,2,1000.00
revenue analytics dashboard,Search - Generic,Broad,860,31,248.00,1,500.00
multi channel analytics platform,Search - Generic,Broad,740,25,200.00,1,500.00
analytics software pricing,Search - Generic,Broad,1120,47,376.00,3,1500.00
best analytics software 2026,Search - Generic,Broad,1280,51,408.00,2,1000.00
analytics platform comparison,Search - Generic,Broad,940,40,320.00,2,1000.00
data dashboard pricing,Search - Generic,Broad,720,32,256.00,2,1000.00
business intelligence tool pricing,Search - Generic,Broad,780,34,272.00,1,500.00
affordable analytics software,Search - Generic,Broad,1140,42,336.00,1,500.00
analytics tool for startups,Search - Generic,Broad,960,35,280.00,1,500.00
analytics software small business,Search - Generic,Broad,1260,45,360.00,1,500.00
marketing attribution software,Search - Generic,Broad,1040,37,296.00,1,500.00
conversion tracking software,Search - Generic,Broad,910,32,256.00,1,500.00
datapulse vs tableau,Search - Competitor,Broad,310,45,315.00,2,1000.00
datapulse vs looker,Search - Competitor,Broad,220,32,224.00,1,500.00
datapulse vs power bi,Search - Competitor,Broad,280,37,259.00,1,500.00
tableau alternative,Search - Competitor,Broad,1640,58,464.00,2,1000.00
looker alternative,Search - Competitor,Broad,1040,40,320.00,1,500.00
power bi alternative,Search - Competitor,Broad,1430,51,408.00,1,500.00
mixpanel alternative,Search - Competitor,Broad,860,31,248.00,1,500.00
amplitude alternative,Search - Competitor,Broad,780,27,216.00,1,500.00
google analytics alternative,Search - Competitor,Broad,1920,67,536.00,2,1000.00
hubspot analytics alternative,Search - Competitor,Broad,580,21,168.00,1,500.00
domo alternative,Search - Competitor,Broad,470,19,152.00,1,500.00
klipfolio alternative,Search - Competitor,Broad,390,16,128.00,0,0.00
sisense vs datapulse,Search - Competitor,Broad,210,24,168.00,1,500.00
tableau pricing 2026,Search - Competitor,Broad,1120,45,360.00,0,0.00
looker pricing,Search - Competitor,Broad,960,37,296.00,0,0.00
power bi vs tableau vs looker,Search - Competitor,Broad,1380,47,376.00,0,0.00
best tableau alternative for marketing,Search - Competitor,Broad,580,27,216.00,1,500.00
cheaper alternative to amplitude,Search - Competitor,Broad,470,21,168.00,1,500.00
switch from google analytics,Search - Competitor,Broad,780,32,256.00,1,500.00
migrate from universal analytics,Search - Competitor,Broad,660,24,192.00,1,500.00
business intelligence platform comparison,Search - Competitor,Broad,1010,42,336.00,1,500.00
analytics software for marketing teams,Search - Feature,Broad,1120,40,320.00,2,1000.00
drag and drop dashboard builder,Search - Feature,Broad,790,30,240.00,1,500.00
automated marketing reports,Search - Feature,Broad,960,35,280.00,2,1000.00
custom dashboard software,Search - Feature,Broad,1010,37,296.00,1,500.00
api analytics dashboard,Search - Feature,Broad,580,21,168.00,1,500.00
white label analytics dashboard,Search - Feature,Broad,470,19,152.00,1,500.00
embedded analytics platform,Search - Feature,Broad,660,24,192.00,1,500.00
analytics with slack integration,Search - Feature,Broad,390,16,128.00,0,0.00
real time data visualization,Search - Feature,Broad,930,32,256.00,1,500.00
cross channel marketing analytics,Search - Feature,Broad,740,27,216.00,1,500.00
cohort analysis tool,Search - Feature,Broad,530,21,168.00,1,500.00
funnel analytics software,Search - Feature,Broad,720,26,208.00,1,500.00
attribution modeling software,Search - Feature,Broad,850,31,248.00,1,500.00
customer journey analytics,Search - Feature,Broad,1170,40,320.00,1,500.00
scheduled report automation,Search - Feature,Broad,580,22,176.00,1,500.00
no code analytics platform,Search - Feature,Broad,580,21,168.00,1,500.00
analytics for non technical users,Search - Feature,Broad,720,26,208.00,1,500.00
easy to use business dashboard,Search - Feature,Broad,770,28,224.00,1,500.00
free analytics software,Search - Generic,Broad,3120,56,448.00,0,0.00
free data dashboard,Search - Generic,Broad,2190,38,304.00,0,0.00
free business intelligence tool,Search - Generic,Broad,1920,34,272.00,0,0.00
free kpi dashboard,Search - Generic,Broad,1380,24,192.00,0,0.00
free marketing dashboard template,Search - Generic,Broad,1540,27,216.00,0,0.00
analytics software free download,Search - Generic,Broad,1120,21,168.00,0,0.00
free reporting tool online,Search - Generic,Broad,1430,24,192.00,0,0.00
open source analytics platform,Search - Generic,Broad,1040,19,152.00,0,0.00
open source business intelligence,Search - Generic,Broad,960,17,136.00,0,0.00
free data visualization tool,Search - Generic,Broad,1740,30,240.00,0,0.00
analytics jobs hiring,Search - Generic,Broad,2410,24,192.00,0,0.00
data analyst jobs near me,Search - Generic,Broad,3560,32,256.00,0,0.00
analytics internship,Search - Generic,Broad,1640,16,128.00,0,0.00
business intelligence analyst salary,Search - Generic,Broad,2080,19,152.00,0,0.00
data science salary 2026,Search - Generic,Broad,2740,22,176.00,0,0.00
analytics manager job description,Search - Generic,Broad,1380,14,112.00,0,0.00
data analyst certification,Search - Generic,Broad,1920,18,144.00,0,0.00
marketing analyst career path,Search - Generic,Broad,1120,12,96.00,0,0.00
junior data analyst resume,Search - Generic,Broad,1540,13,104.00,0,0.00
business intelligence interview questions,Search - Generic,Broad,1260,11,88.00,0,0.00
what is data analytics,Search - Generic,Broad,4610,37,296.00,0,0.00
what is business intelligence,Search - Generic,Broad,3820,32,256.00,0,0.00
data analytics course online,Search - Generic,Broad,3010,28,224.00,0,0.00
learn data analytics,Search - Generic,Broad,2410,22,176.00,0,0.00
google analytics tutorial,Search - Generic,Broad,3560,34,272.00,0,0.00
google analytics certification,Search - Generic,Broad,2740,26,208.00,0,0.00
power bi tutorial for beginners,Search - Generic,Broad,2190,21,168.00,0,0.00
how to build a dashboard in excel,Search - Generic,Broad,1740,18,144.00,0,0.00
data analytics bootcamp,Search - Generic,Broad,1640,16,128.00,0,0.00
tableau tutorial,Search - Generic,Broad,2310,22,176.00,0,0.00
google analytics 4 setup guide,Search - Generic,Broad,1680,19,152.00,0,0.00
sql for data analytics,Search - Generic,Broad,2010,20,160.00,0,0.00
python analytics tutorial,Search - Generic,Broad,1380,14,112.00,0,0.00
power bi download free,Search - Competitor,Broad,1920,28,224.00,0,0.00
tableau public download,Search - Competitor,Broad,1540,22,176.00,0,0.00
google analytics login,Search - Competitor,Broad,5720,37,296.00,0,0.00
hubspot reporting,Search - Competitor,Broad,1380,18,144.00,0,0.00
mixpanel pricing,Search - Competitor,Broad,1040,14,112.00,0,0.00
amplitude login,Search - Competitor,Broad,960,12,96.00,0,0.00
looker studio tutorial,Search - Competitor,Broad,1260,16,128.00,0,0.00
power bi license cost,Search - Competitor,Broad,1120,15,120.00,0,0.00
tableau server pricing,Search - Competitor,Broad,930,12,96.00,0,0.00
google analytics 4 vs universal analytics,Search - Competitor,Broad,1190,14,112.00,0,0.00
small business analytics,Search - Generic,Broad,1640,28,224.00,1,500.00
analytics tools comparison 2026,Search - Generic,Broad,850,18,144.00,1,500.00
data analytics for ecommerce,Search - Generic,Broad,1010,19,152.00,0,0.00
saas metrics dashboard,Search - Generic,Broad,660,12,96.00,1,500.00
analytics software demo,Search - Generic,Broad,470,10,80.00,1,500.00
ai analytics tool,Search - Generic,Broad,1640,24,192.00,1,500.00
what does analytics software cost,Search - Generic,Broad,720,14,112.00,1,500.00
cloud based analytics platform,Search - Generic,Broad,770,14,112.00,1,500.00
analytics dashboard examples,Search - Generic,Broad,1260,20,160.00,0,0.00
kpi examples for marketing,Search - Generic,Broad,1120,16,128.00,0,0.00
what kpis should i track,Search - Generic,Broad,960,14,112.00,0,0.00
how to measure marketing roi,Search - Generic,Broad,1490,21,168.00,0,0.00
marketing metrics to track,Search - Generic,Broad,1170,18,144.00,0,0.00
dashboard design best practices,Search - Generic,Broad,910,14,112.00,0,0.00
data storytelling,Search - Generic,Broad,1010,12,96.00,0,0.00
big data analytics platform,Search - Generic,Broad,1380,16,128.00,0,0.00
machine learning analytics,Search - Generic,Broad,1120,14,112.00,0,0.00
ai powered analytics,Search - Generic,Broad,1320,20,160.00,0,0.00
analytics consulting services,Search - Generic,Broad,790,12,96.00,0,0.00
data analytics consulting,Search - Generic,Broad,1120,14,112.00,0,0.00
hire data analyst,Search - Generic,Broad,1260,16,128.00,0,0.00
freelance data analyst,Search - Generic,Broad,960,12,96.00,0,0.00
social media analytics tool,Search - Generic,Broad,1380,21,168.00,0,0.00
seo analytics software,Search - Generic,Broad,1040,16,128.00,0,0.00
email marketing analytics,Search - Generic,Broad,930,14,112.00,0,0.00
healthcare analytics software,Search - Generic,Broad,850,12,96.00,0,0.00
financial analytics platform,Search - Generic,Broad,660,11,88.00,0,0.00
retail analytics software,Search - Generic,Broad,770,12,96.00,0,0.00
hr analytics dashboard,Search - Generic,Broad,720,11,88.00,0,0.00
white label reporting tool,Search - Feature,Broad,660,12,96.00,1,500.00
client reporting dashboard,Search - Feature,Broad,770,14,112.00,1,500.00
agency reporting tool,Search - Feature,Broad,720,13,104.00,1,500.00
analytics for product managers,Search - Feature,Broad,720,13,104.00,1,500.00
customer segmentation analytics,Search - Feature,Broad,530,10,80.00,1,500.00
gdpr compliant analytics,Search - Feature,Broad,580,11,88.00,0,0.00
privacy first analytics,Search - Feature,Broad,440,8,64.00,0,0.00
analytics sql query builder,Search - Feature,Broad,470,10,80.00,0,0.00
analytics dashboard with alerts,Search - Feature,Broad,440,9,72.00,0,0.00
churn prediction analytics,Search - Feature,Broad,470,9,72.00,0,0.00
user behavior analytics tool,Search - Feature,Broad,580,11,88.00,0,0.00
analytics mobile app,Search - Feature,Broad,470,9,72.00,0,0.00
analytics natural language query,Search - Feature,Broad,360,7,56.00,0,0.00
ask questions about data tool,Search - Feature,Broad,420,8,64.00,0,0.00
analytics reporting best practices,Search - Generic,Broad,840,13,104.00,0,0.00
marketing dashboard examples,Search - Generic,Broad,1180,18,144.00,0,0.00
how to track website analytics,Search - Generic,Broad,1540,16,128.00,0,0.00
web traffic analysis tool,Search - Generic,Broad,920,14,112.00,0,0.00
campaign tracking software,Search - Generic,Broad,780,21,168.00,1,500.00
conversion rate analytics,Search - Generic,Broad,690,18,144.00,1,500.00
marketing roi calculator,Search - Generic,Broad,1340,16,128.00,0,0.00
data integration platform,Search - Generic,Broad,1120,14,112.00,0,0.00
etl tool for analytics,Search - Generic,Broad,860,11,88.00,0,0.00
business dashboard template free,Search - Generic,Broad,1780,22,176.00,0,0.00
google data studio alternative,Search - Competitor,Broad,1430,24,192.00,1,500.00
metabase vs datapulse,Search - Competitor,Broad,340,16,112.00,1,500.00
redash alternative,Search - Competitor,Broad,290,11,88.00,0,0.00
mode analytics pricing,Search - Competitor,Broad,420,14,112.00,0,0.00
chartio replacement,Search - Competitor,Broad,310,12,96.00,1,500.00
analytics platform enterprise pricing,Search - Generic,Broad,560,19,152.00,1,500.00
saas reporting dashboard,Search - Feature,Broad,640,17,136.00,1,500.00
mrr analytics dashboard,Search - Feature,Broad,380,12,96.00,1,500.00
ltv analytics tool,Search - Feature,Broad,290,9,72.00,1,500.00
analytics embed iframe,Search - Feature,Broad,210,7,56.00,0,0.00
analytics data export csv,Search - Feature,Broad,320,8,64.00,0,0.00
analytics with hubspot integration,Search - Feature,Broad,480,14,112.00,1,500.00
analytics salesforce integration,Search - Feature,Broad,540,16,128.00,1,500.00
bi tool for marketing agency,Search - Feature,Broad,410,13,104.00,1,500.00
analytics with custom metrics,Search - Feature,Broad,350,10,80.00,0,0.00
multi source data dashboard,Search - Feature,Broad,430,12,96.00,1,500.00
analytics ab testing,Search - Feature,Broad,510,14,112.00,0,0.00
data analyst tools free,Search - Generic,Broad,1890,18,144.00,0,0.00
analytics degree online,Search - Generic,Broad,1240,12,96.00,0,0.00
data analytics masters program,Search - Generic,Broad,980,10,80.00,0,0.00
analytics workshop training,Search - Generic,Broad,560,8,64.00,0,0.00
business analytics course free,Search - Generic,Broad,1450,14,112.00,0,0.00
data analytics vs data science,Search - Generic,Broad,2340,19,152.00,0,0.00
what is a data warehouse,Search - Generic,Broad,1870,15,120.00,0,0.00
analytics for dummies,Search - Generic,Broad,890,9,72.00,0,0.00
best data visualization course,Search - Generic,Broad,1120,11,88.00,0,0.00
how to become a data analyst,Search - Generic,Broad,2560,21,168.00,0,0.00
business intelligence manager salary,Search - Generic,Broad,1340,12,96.00,0,0.00
analytics engineer job,Search - Generic,Broad,1670,14,112.00,0,0.00
dbt analytics tool,Search - Generic,Broad,780,10,80.00,0,0.00
fivetran pricing,Search - Competitor,Broad,620,11,88.00,0,0.00
segment analytics pricing,Search - Competitor,Broad,540,10,80.00,0,0.00
heap analytics vs mixpanel,Search - Competitor,Broad,430,9,72.00,0,0.00
snowflake analytics,Search - Competitor,Broad,890,12,96.00,0,0.00
databricks analytics,Search - Competitor,Broad,760,10,80.00,0,0.00
analytics onboarding checklist,Search - Generic,Broad,320,8,64.00,0,0.00
best analytics tools for saas,Search - Generic,Broad,680,18,144.00,2,1000.00
analytics platform with sso,Search - Feature,Broad,280,7,56.00,0,0.00
real time campaign dashboard,Search - Feature,Broad,510,15,120.00,1,500.00
